{
  "name": "guillotine",
  "title": "Guillotine",
  "description": "Allow users to crop images within an area (fully responsive). Supports dragging (touch support), zoom and rotation.",
  "version": "1.3.0",
  "homepage": "https://github.com/matiasgagliano/guillotine",
  "author": {
    "name": "Matías Gagliano"
  },
  "licenses": [
    {
      "type": "MIT",
      "url": "http://opensource.org/licenses/MIT"
    },
    {
      "type": "GPL-3.0",
      "url": "http://opensource.org/licenses/GPL-3.0"
    }
  ],
  "docs": "https://github.com/matiasgagliano/guillotine",
  "bugs": "https://github.com/matiasgagliano/guillotine/issues",
  "demo": "https://matiasgagliano.github.io/guillotine",
  "keywords": [
    "jquery",
    "guillotine",
    "image",
    "crop",
    "rotate",
    "zoom",
    "drag",
    "fit",
    "center",
    "touch",
    "responsive",
    "fluid"
  ],
  "dependencies": {
    "jquery": ">= 1.7.0"
  }
}
